"Phenotype","PGS_R2","PGS_pv","PGS_w0","PGS_tau0","ampPGS_R2","ampPGS_pv","ampPGS_R2pChange","ampPGS_CI25","ampPGS_CI75","ampPGS_w0a","ampPGS_w0b","ampPGS_rho","ampPGS_tau0","PGSC_R2","PGSC_pv","PGSC_R2pChange","PGSC_CI25","PGSC_CI75","PGSC_w0","PGSC_w1a","PGSC_w1b","PGSC_rho1a","PGSC_rho1b","PGSC_tau0","PGSC_tau1"
"Alanine aminotrans",0.0124,0,0.1575,1e-04,0.0126,0.3314,1.61290322580645,-1.61290322580645,5.64516129032258,0.1577,0.0097,0.0615091946734306,1e-04,0.013,0.292,4.83870967741935,-4.03225806451613,15.3225806451613,0.1574,0.0138,-0.0043,11.4057971014493,-36.6046511627907,1e-04,0.05
"Alkaline phosphatase",0.042,0,0.2893,0.001,0.042,0.8895,0,-1.66666666666667,1.66666666666667,0.2889,-0.0137,-0.0474212530287297,0.001,0.0416,0.7189,-1.19047619047619,-6.9047619047619,4.52380952380952,0.2876,-2e-04,-0.0187,-1438,-15.379679144385,0.001,1e-06
"Apolipoprotein A",0.0464,0,0.2801,0.01,0.0465,0.8143,0.21551724137931,-1.07758620689655,1.29310344827586,0.2798,-0.0099,-0.0353824160114367,0.01,0.0467,0.409,0.646551724137931,-0.862068965517242,1.93965517241379,0.2803,-0.0028,0.0115,-100.107142857143,24.3739130434783,0.01,0.05
"Apolipoprotein A 0",0.0465,0,0.2801,0.01,0.0466,0.7281,0.21505376344086,-0.860215053763441,1.0752688172043,0.2799,-0.0081,-0.0289389067524116,0.01,0.0465,0.9625,0,-1.93548387096774,1.72043010752688,0.2801,0.0067,-0.0076,41.8059701492537,-36.8552631578947,0.01,1e-04
"Apolipoprotein B",0.0708,0,0.3361,1e-04,0.0714,0.5045,0.847457627118644,-1.69491525423729,3.38983050847458,0.3376,0.0349,0.103376777251185,1e-04,0.092,2e-04,29.9435028248588,19.4915254237288,41.1016949152542,0.2814,0.0842,0.0613,3.34204275534442,4.5905383360522,1e-04,1e-08
"Apolipoprotein B 0",0.0701,0,0.3393,1e-04,0.071,0.3908,1.28388017118402,-1.71184022824536,4.27960057061341,0.341,0.0391,0.11466275659824,1e-04,0.1028,2e-04,46.6476462196862,32.3823109843081,61.9115549215407,0.2612,0.1048,0.0784,2.49236641221374,3.33163265306122,1e-04,1e-08
"Arm fat-free mass left",0.0334,0,0.1813,0.1,0.0334,0.8643,0,-1.49700598802395,1.79640718562874,0.1815,0.0084,0.0462809917355372,0.1,0.0333,0.7125,-0.29940119760479,-1.79640718562874,1.19760479041916,0.1811,0.0045,0.0012,40.2444444444444,150.916666666667,0.1,0.01
"Arm fat-free mass left 0",0.0395,0,0.1842,0.05,0.0395,0.6727,-0.253164556962025,-1.0126582278481,0.506329113924051,0.1843,0.0042,0.0227889310906131,0.05,0.0395,0.9915,0,-2.53164556962025,2.53164556962025,0.1841,0.0081,0.0011,22.7283950617284,167.363636363636,0.05,0.05
"Aspartate aminotrans",0.0074,0,0.1224,0.001,0.0073,0.3566,-1.35135135135135,-4.05405405405405,1.35135135135135,0.1223,-0.0048,-0.0392477514309076,0.001,0.0071,0.312,-2.7027027027027,-10.8108108108108,2.7027027027027,0.1224,0,-0.0176,Inf,-6.95454545454545,0.001,1e-04
"Basophill count",0.0051,5e-04,0.1001,1e-08,0.0052,0.5755,1.96078431372549,-5.88235294117647,11.7647058823529,0.1005,0.0097,0.0965174129353234,1e-08,0.0051,0.9057,0,-7.84313725490196,9.80392156862745,0.1001,8e-04,0.0114,125.125,8.78070175438596,1e-08,0.05
"Bilirubin",0.0635,0,0.4938,1e-10,0.0626,0.2504,-1.41732283464567,-4.25196850393701,0.94488188976378,0.4946,0.0304,0.0614638091386979,1e-10,0.114,2e-04,79.5275590551181,56.8503937007874,103.937007874016,0.274,0.1986,0.1821,1.37965760322256,1.50466776496431,1e-10,1e-10
"Bilirubin 0",0.0561,0,0.4932,1e-10,0.0556,0.21,-0.89126559714795,-2.31729055258467,0.53475935828877,0.4938,0.021,0.0425273390036452,1e-10,0.1154,2e-04,105.704099821747,78.25311942959,134.9376114082,0.1814,0.2588,0.2569,0.700927357032458,0.706111327364733,1e-10,1e-10
"Birth weight",0.0186,0,0.1424,0.005,0.0181,0.0382,-3.2258064516129,-6.45161290322581,0,0.143,-0.0055,-0.0384615384615385,0.005,0.0199,0.0798,6.45161290322581,-0.537634408602151,15.5913978494624,0.1423,0.01,-0.0122,14.23,-11.6639344262295,0.005,0.5
"BMI",0.0335,0,0.2971,0.05,0.0332,0.5365,-0.895522388059701,-3.28358208955224,1.49253731343284,0.2977,0.0186,0.0624790057104467,0.05,0.0324,0.0452,-2.98507462686567,-6.26865671641791,0,0.2967,0.0155,-0.0088,19.141935483871,-33.7159090909091,0.05,0.5
"Calcium",0.0086,0,0.2132,0.001,0.0083,0.3658,-2.32558139534884,-9.30232558139535,3.48837209302326,0.2127,-0.0148,-0.0695815702867889,0.001,0.0081,0.1014,-4.65116279069767,-11.6279069767442,1.16279069767442,0.2133,0.0096,-0.0083,22.21875,-25.6987951807229,0.001,0.5
"Cholesterol",0.0448,0,0.2519,1e-06,0.0461,0.3218,2.67857142857143,-2.67857142857143,8.03571428571428,0.2533,0.0453,0.178839320963285,1e-06,0.0615,2e-04,37.2767857142857,20.5357142857143,55.3571428571429,0.2101,0.0767,0.0445,2.73924380704042,4.72134831460674,1e-06,1e-08
"Creatinine",0.0095,0,0.1527,0.01,0.0097,0.4122,2.10526315789474,-2.10526315789474,9.47368421052632,0.1523,-0.011,-0.072225869993434,0.01,0.0095,0.8815,0,-6.31578947368421,4.21052631578947,0.1518,0.0086,-0.0224,17.6511627906977,-6.77678571428571,0.01,1e-10
"Creatinine urine",2e-04,0.4963,0.0786,0.1,2e-04,0.9205,0,0,0,0.0785,-4e-04,-0.00509554140127389,0.1,1e-04,0.6219,-50,-400,200,0.0783,0.0098,-0.0053,7.98979591836735,-14.7735849056604,0.1,0.5
"Cystatin C",0.0193,0,0.2275,0.005,0.0193,0.9525,0,-3.62694300518135,4.66321243523316,0.2271,-0.0171,-0.0752972258916777,0.005,0.0226,0.0048,17.0984455958549,5.18134715025907,32.1243523316062,0.2129,-0.029,-0.0554,-7.34137931034483,-3.84296028880866,0.005,1e-08
"Diastolic BP",0.0146,0,0.1716,0.05,0.0142,0.31,-2.73972602739726,-8.9041095890411,2.73972602739726,0.1722,0.0181,0.105110336817654,0.05,0.0153,0.5077,4.10958904109589,-8.9041095890411,17.8082191780822,0.1701,0.0269,0.0083,6.32342007434944,20.4939759036145,0.05,0.5
"Eosinophill count",0.0205,0,0.2332,0.01,0.0203,0.383,-0.48780487804878,-1.95121951219512,0.48780487804878,0.2334,0.0068,0.0291345329905741,0.01,0.0192,0.0374,-6.34146341463415,-12.6829268292683,-0.48780487804878,0.233,0.0164,0.0032,14.2073170731707,72.8125,0.01,0.01
"FEV1 FVC ratio",NA,NA,0.2479,0.05,NA,NA,NA,NA,NA,0.2477,0.0214,0.0863948324586193,0.05,NA,NA,NA,NA,NA,0.2477,0.0131,-0.0057,18.9083969465649,-43.4561403508772,0.05,0.005
"Gamma glutamyltrans",0.0351,0,0.1748,1e-04,0.0349,0.6009,-0.56980056980057,-2.56410256410256,1.42450142450142,0.1746,-0.0088,-0.0504009163802978,1e-04,0.0375,0.091,6.83760683760684,-0.854700854700855,18.8034188034188,0.1669,-0.0132,-0.0236,-12.6439393939394,-7.07203389830508,1e-04,1e-06
"Glucose",0.0081,0,0.0976,1e-08,0.0079,0.4862,-1.23456790123457,-6.17283950617284,3.7037037037037,0.0975,-0.0064,-0.0656410256410256,1e-08,0.0069,0.0218,-13.5802469135802,-28.3950617283951,-1.23456790123457,0.0979,-0.0035,-0.0128,-27.9714285714286,-7.6484375,1e-08,0.01
"HbA1c",0.0247,0,0.1966,0.01,0.0253,0.2312,2.42914979757085,-1.61943319838057,6.47773279352227,0.1961,-0.0186,-0.0948495665476797,0.01,0.0248,0.9091,0.404858299595142,-5.26315789473684,6.88259109311741,0.1944,-0.0159,-0.0333,-12.2264150943396,-5.83783783783784,0.01,1e-08
"HbA1c 0",0.03,0,0.2422,0.01,0.0305,0.12,1.33333333333333,-0.333333333333333,3.33333333333333,0.2419,-0.0117,-0.0483670938404299,0.01,0.0304,0.7673,1.33333333333333,-7,9.33333333333333,0.2456,-0.0235,-0.039,-10.4510638297872,-6.2974358974359,0.01,1e-06
"HDL",0.0459,0,0.2968,0.01,0.0459,0.9357,0,-1.08932461873638,1.30718954248366,0.2965,-0.0097,-0.0327150084317032,0.01,0.046,0.8281,0.217864923747277,-2.17864923747277,2.61437908496732,0.2968,-0.0041,0.0104,-72.390243902439,28.5384615384615,0.01,1e-06
"HDL 0",0.0567,0,0.3042,0.01,0.0565,0.6335,-0.17636684303351,-0.881834215167548,0.529100529100529,0.304,-0.0073,-0.0240131578947368,0.01,0.0569,0.4494,0.352733686067019,-0.705467372134039,1.41093474426808,0.3044,0.004,0.0074,76.1,41.1351351351351,0.01,0.005
"BMD Heel T-score",0.0557,0,0.2967,1e-04,0.0549,0.051,-1.43626570915619,-3.05206463195691,0,0.2964,-0.011,-0.0371120107962213,1e-04,0.0555,0.7905,-0.359066427289048,-2.69299820466786,2.15439856373429,0.2944,0.002,-0.0161,147.2,-18.2857142857143,1e-04,1e-06
"Height",0.0822,0,0.3432,0.01,0.0821,0.5849,-0.121654501216545,-0.48661800486618,0.24330900243309,0.3433,0.0057,0.0166035537430819,0.01,0.0823,0.6753,0.121654501216545,-0.608272506082725,0.97323600973236,0.3432,0.0033,0.0065,104,52.8,0.01,1e-04
"Height 0",0.0821,0,0.3427,0.01,0.0821,0.5951,0,-0.243605359317905,0.121802679658952,0.3427,0.003,0.00875401225561716,0.01,0.0824,0.1696,0.243605359317905,-0.121802679658952,0.730816077953715,0.3427,-8e-04,0.005,-428.375,68.54,0.01,0.01
"Hip circumference",0.0156,0,0.2704,0.1,0.0154,0.2962,-1.28205128205128,-4.48717948717949,1.28205128205128,0.2708,0.0141,0.0520679468242245,0.1,0.0157,0.6017,1.28205128205128,-2.56410256410256,4.48717948717949,0.2702,0.0112,-0.0063,24.125,-42.8888888888889,0.1,0.5
"IGF-1",0.0486,0,0.2973,0.01,0.0488,0.2668,0.205761316872428,-0.205761316872428,0.823045267489712,0.2974,0.0051,0.0171486213853396,0.01,0.0482,0.2784,-1.02880658436214,-2.67489711934156,0.823045267489712,0.2975,-0.0097,-0.002,-30.6701030927835,-148.75,0.01,0.001
"LDL",0.0353,0,0.2772,1e-04,0.0355,0.8257,0.56657223796034,-5.09915014164306,6.23229461756374,0.2787,0.0451,0.161822748475063,1e-04,0.0596,2e-04,68.8385269121813,45.8923512747875,94.0509915014164,0.2187,0.0911,0.0599,2.4006586169045,3.65108514190317,1e-04,1e-08
"LDL 0",0.0366,0,0.2709,1e-04,0.0368,0.8617,0.546448087431694,-6.01092896174863,6.83060109289618,0.2727,0.0499,0.182984965163183,1e-04,0.0654,2e-04,78.9617486338798,51.6393442622951,107.377049180328,0.2068,0.0985,0.0588,2.0994923857868,3.51700680272109,1e-04,1e-10
"Leukocyte count",0.0231,0,0.2182,0.1,0.0229,0.286,-0.865800865800866,-2.5974025974026,0.865800865800866,0.2185,0.0095,0.0434782608695652,0.1,0.0235,0.4084,1.73160173160173,-2.16450216450216,5.62770562770563,0.2188,0.0089,0.0106,24.5842696629213,20.6415094339623,0.1,0.1
"Lipoprotein a",0.0225,0,0.6928,1e-10,0.0224,0.2928,-0.444444444444444,-0.888888888888889,0.444444444444444,0.6929,-0.0079,-0.0114013566171165,1e-10,0.0227,0.7425,1.33333333333333,-0.888888888888889,4.88888888888889,0.6037,-0.1054,-0.1524,-5.72770398481974,-3.96128608923885,1e-10,1e-10
"Lipoprotein a 0",0.0476,0,0.6586,1e-08,0.0477,0.0482,0.210084033613445,0,0.420168067226891,0.6586,0.0045,0.00683267537200121,1e-08,0.0488,0.026,2.52100840336134,0.420168067226891,5.04201680672269,0.6563,0.0241,0.0201,27.2323651452282,32.6517412935323,1e-08,1e-04
"Lymphocyte count",0.0082,0,0.1296,0.05,0.0082,0.6487,0,-1.21951219512195,1.21951219512195,0.1296,0.0021,0.0162037037037037,0.05,0.0097,0.0632,18.2926829268293,-1.21951219512195,40.2439024390244,0.1353,0.0174,0.0197,7.77586206896552,6.86802030456853,0.05,0.05
"Mean corpuscular volume",0.0259,0,0.3374,0.01,0.0258,0.2458,0,-0.386100386100386,0,0.3373,-0.0025,-0.00741179958493922,0.01,0.0256,0.5131,-1.15830115830116,-5.01930501930502,2.31660231660232,0.3375,0.0156,-0.0027,21.6346153846154,-125,0.01,0.05
"Monocyte count",0.0199,0,0.2133,0.005,0.0198,0.0968,-0.50251256281407,-1.00502512562814,0,0.2133,-0.0029,-0.013595874355368,0.005,0.0194,0.3978,-2.51256281407035,-8.04020100502512,3.01507537688442,0.2142,-0.0038,-0.0236,-56.3684210526316,-9.07627118644068,0.005,0.5
"Neutrophill count",0.0314,0,0.2174,0.01,0.0311,0.12,-0.955414012738854,-2.22929936305733,0.318471337579618,0.2175,0.0078,0.0358620689655172,0.01,0.0308,0.2854,-1.59235668789809,-4.77707006369427,1.59235668789809,0.2174,0.0085,-0.0099,25.5764705882353,-21.959595959596,0.01,0.01
"Phosphate",0.0234,0,0.2083,0.001,0.0234,0.8681,0,-1.28205128205128,0.854700854700855,0.2082,-0.0045,-0.0216138328530259,0.001,0.0234,0.9299,0.427350427350427,-5.55555555555556,5.98290598290598,0.2081,0.013,-0.0108,16.0076923076923,-19.2685185185185,0.001,0.005
"Platelet count",0.0584,0,0.3438,0.005,0.0589,0.1708,0.684931506849315,-0.342465753424658,1.88356164383562,0.3441,0.0136,0.039523394362104,0.005,0.0584,0.9891,0,-1.02739726027397,1.02739726027397,0.3443,-1e-04,-0.0138,-3443,-24.9492753623188,0.005,0.5
"Platelet volume",0.1024,0,0.4643,0.001,0.1025,0.0116,0.1953125,0,0.29296875,0.4644,0.0033,0.00710594315245478,0.001,0.1017,0.0588,-0.68359375,-1.3671875,0,0.4643,-0.0049,-0.0109,-94.7551020408163,-42.5963302752294,0.001,0.005
"Potassium urine",0,0.9397,0.0573,0.1,0,0.9749,NA,-Inf,Inf,0.0574,0.0021,0.0365853658536585,0.1,0,0.9611,NA,-Inf,Inf,0.0578,-0.0011,-0.0122,-52.5454545454545,-4.73770491803279,0.1,0.1
"Protein",0.0224,0,0.2285,0.01,0.0224,0.6857,0,0,0,0.2285,3e-04,0.00131291028446389,0.01,0.0223,0.7007,-0.446428571428572,-3.57142857142857,2.67857142857143,0.2286,0.0079,0.0056,28.9367088607595,40.8214285714286,0.01,0.001
"Pulse rate",0.0105,3e-04,0.1573,0.001,0.0111,0.2462,4.76190476190476,-3.80952380952381,15.2380952380952,0.1575,0.0167,0.106031746031746,0.001,0.0109,0.4334,2.85714285714286,-4.76190476190476,11.4285714285714,0.1574,-0.0053,0.0175,-29.6981132075472,8.99428571428571,0.001,1e-04
"RBC",0.0433,0,0.2746,0.005,0.0433,0.303,-0.23094688221709,-0.46189376443418,0.23094688221709,0.2745,-0.0023,-0.00837887067395264,0.005,0.0433,0.9719,0,-2.07852193995381,2.07852193995381,0.2754,0.012,0.0065,22.95,42.3692307692308,0.005,0.5
"Rheumatoid factor",1e-04,0.9103,0.0335,0.001,6e-04,0.7851,500,-4700,8800,0.0327,-0.0064,-0.195718654434251,0.001,1e-04,0.9813,0,-100,100,0.0336,-0.0114,0.0326,-2.94736842105263,1.03067484662577,0.001,1e-06
"Right hand grip strength",0.0084,0,0.1205,0.1,0.0086,0.1864,3.57142857142857,-1.19047619047619,8.33333333333333,0.1208,0.0082,0.0678807947019868,0.1,0.008,0.3238,-4.76190476190476,-14.2857142857143,4.76190476190476,0.1206,0.008,-0.0124,15.075,-9.7258064516129,0.1,0.5
"SHBG",0.0499,0,0.2735,0.001,0.0498,0.0846,-0.200400801603206,-0.400801603206413,0,0.2736,0.0018,0.00657894736842105,0.001,0.05,0.9827,0,-2.60521042084168,2.60521042084168,0.2733,0.0133,5e-04,20.5488721804511,546.6,0.001,1e-06
"SHBG 0",0.0606,0,0.3149,0.001,0.0605,0.3682,-0.165016501650165,-0.66006600660066,0.33003300330033,0.315,0.0052,0.0165079365079365,0.001,0.0608,0.8869,0.165016501650165,-3.13531353135314,3.63036303630363,0.3145,0.0204,0.0036,15.4166666666667,87.3611111111111,0.001,1e-06
"Sodium urine",0.0023,0.0189,0.1077,0.1,0.0022,0.193,-4.34782608695652,-13.0434782608696,4.34782608695652,0.1078,0.0059,0.0547309833024119,0.1,0.0024,0.7287,4.34782608695652,-17.3913043478261,26.0869565217391,0.1074,4e-04,0.0128,268.5,8.390625,0.1,0.001
"Systolic BP",0.0211,0,0.1641,0.05,0.0211,0.9955,0,-1.4218009478673,1.4218009478673,0.1643,0.0046,0.0279975654290931,0.05,0.0213,0.7603,0.947867298578199,-4.739336492891,6.63507109004739,0.164,-1e-04,-0.0182,-1640,-9.01098901098901,0.05,1e-04
"Testosterone",0.0193,0,0.0792,1e-04,0.0188,0.202,-2.59067357512953,-7.25388601036269,1.55440414507772,0.0791,-0.0062,-0.0783817951959545,1e-04,0.0194,0.8375,0.518134715025907,-3.62694300518135,4.14507772020725,0.0792,0.002,-0.0053,39.6,-14.9433962264151,1e-04,0.1
"Testosterone 0",0.0091,0,0.0435,1e-04,0.0093,0.0982,1.0989010989011,0,3.2967032967033,0.0435,0.001,0.0229885057471264,1e-04,0.0091,0.7725,0,-2.1978021978022,1.0989010989011,0.0425,0.004,0.0016,10.625,26.5625,1e-04,1e-10
"Triglycerides",0.035,0,0.2545,0.005,0.035,0.4502,-0.285714285714286,-0.857142857142857,0.285714285714286,0.2546,0.0034,0.0133542812254517,0.005,0.0351,0.2798,0.285714285714286,0,0.571428571428571,0.2544,0.0079,-0.0113,32.2025316455696,-22.5132743362832,0.005,1e-06
"Urate",0.0318,0,0.2623,0.005,0.0318,0.8787,0,-1.25786163522013,0.943396226415094,0.262,-0.0073,-0.0278625954198473,0.005,0.0309,0.0726,-2.83018867924528,-6.28930817610063,0.314465408805031,0.2624,0.0109,0.0018,24.0733944954128,145.777777777778,0.005,0.005
"Urea",0.0139,0,0.1568,0.001,0.0138,0.9297,0,-5.75539568345324,6.47482014388489,0.1564,-0.0135,-0.0863171355498721,0.001,0.014,0.5161,1.43884892086331,-2.87769784172662,5.03597122302158,0.1563,7e-04,-0.0253,223.285714285714,-6.17786561264822,0.001,1e-08
"Vitamin D",0.0022,0.0248,0.1972,0.001,0.0022,0.3446,0,-4.54545454545455,0,0.197,-0.004,-0.0203045685279188,0.001,0.0022,0.9251,0,-22.7272727272727,22.7272727272727,0.1867,-0.0077,-0.0217,-24.2467532467532,-8.6036866359447,0.001,1e-06
"Waist circumference",0.0128,0,0.2278,0.05,0.0127,0.5301,-0.78125,-3.90625,1.5625,0.2281,0.0107,0.0469092503288032,0.05,0.0115,0.0118,-10.15625,-19.53125,-2.34375,0.2277,0.0171,-0.0079,13.3157894736842,-28.8227848101266,0.05,0.1
"Whole body fat mass",0.0222,0,0.2757,0.1,0.022,0.6933,-0.45045045045045,-2.7027027027027,1.8018018018018,0.2759,0.0142,0.0514679231605654,0.1,0.0214,0.2118,-3.6036036036036,-9.45945945945946,1.8018018018018,0.2748,0.0189,-0.0053,14.5396825396825,-51.8490566037736,0.1,0.05
"WHR adj BMI",0.0109,0,0.1508,0.01,0.0108,0.5457,-0.91743119266055,-2.75229357798165,0.91743119266055,0.1508,0.0047,0.0311671087533157,0.01,0.0114,0.1924,4.58715596330275,-2.75229357798165,12.8440366972477,0.1508,0.0087,0.0072,17.3333333333333,20.9444444444444,0.01,0.01
